id,184A1,184B5,21MT1,21NT,21PT,600MPE,AU565,BT474,BT483,BT549,CAMA1,EFM192A,EFM192B,EFM192C,HCC1143,HCC1395,HCC1419,HCC1428,HCC1569,HCC1806,HCC1937,HCC1954,HCC202,HCC3153,HCC38,HCC70,HS578T,JIMT1,LY2,MCF10A,MCF10F,MCF12A,MCF7,MDAMB134VI,MDAMB175VII,MDAMB231,MDAMB361,MDAMB453,MX1,SKBR3,SUM1315MO2,SUM149PT,SUM225CWN,SUM229PE,SUM52PE,T47D,T47D_Kbluc,UACC812,UACC893,ZR751,ZR7530,ZR75B
ENSG00000181444,0.18,2.59,0.61,1.26,1.54,2.42,5.53,3.92,5.22,2.69,5.03,6.1,4.82,4.88,1.55,2.26,4.3,3.36,3.69,0.04,1.48,2.2,4.58,1.27,1.14,3.97,0.26,0.85,6.05,0.52,0.74,1.01,5.27,5.24,5.12,0.12,4.12,6.02,3.15,4.26,5.66,2.64,4.0,1.03,3.58,3.89,4.2,5.19,4.65,5.13,3.79,4.46
ENSG00000104852,7.72,7.16,8.66,8.98,8.81,6.34,7.87,6.35,6.94,7.64,6.94,8.12,8.47,8.2,7.49,5.75,6.64,7.3,6.67,7.14,7.42,7.21,6.86,6.94,6.85,7.01,7.66,6.97,8.16,7.84,7.0,8.06,6.74,6.9,6.33,7.95,7.06,7.92,7.83,8.15,8.58,8.11,7.59,8.93,7.98,7.17,7.35,8.22,7.47,7.29,6.26,6.96
ENSG00000075461,3.74,0.12,0.0,0.26,0.03,5.26,5.06,4.71,6.92,4.59,6.37,5.25,4.83,6.5,1.17,0.58,4.8,6.74,1.54,0.0,2.17,3.29,3.32,4.73,0.36,2.55,0.15,0.2,7.23,0.0,0.0,0.0,5.19,5.58,5.48,0.12,7.25,3.76,4.01,3.83,0.39,0.91,5.27,2.34,1.79,5.54,5.23,6.42,6.52,6.11,6.77,3.11
ENSG00000019549,6.01,5.19,4.23,4.15,4.4,0.0,0.11,0.04,0.9,4.73,0.08,0.04,0.04,0.0,1.9,4.94,0.0,0.0,2.68,4.41,3.57,3.56,3.26,0.9,5.2,2.99,5.38,5.0,0.1,5.54,6.07,5.91,0.19,0.0,0.78,2.5,0.74,0.12,4.82,0.0,5.2,1.52,0.48,5.09,2.83,0.0,0.0,0.14,0.0,0.0,0.06,0.0
ENSG00000237700,0.0,0.0,0.0,0.0,0.0,0.0,0.0,0.0,0.0,0.0,0.0,0.0,0.0,0.0,0.0,0.07,0.0,0.0,0.0,0.0,0.0,0.0,6.41,0.0,0.0,0.0,0.03,0.0,0.0,0.0,0.0,0.0,0.0,0.0,0.0,0.0,0.0,0.0,0.0,0.0,0.0,0.0,0.0,0.0,0.0,0.0,0.0,0.0,0.0,0.0,0.0,0.0
ENSG00000138757,5.6,5.45,4.77,5.09,5.04,6.11,4.65,7.53,5.75,5.59,6.23,4.66,4.42,4.23,4.87,5.81,6.42,5.27,5.78,5.67,4.98,5.83,5.65,5.99,6.44,5.48,5.1,6.41,4.57,5.47,5.35,4.75,5.29,6.34,6.5,5.69,6.67,5.77,4.8,5.14,4.96,5.71,5.2,5.29,5.19,5.19,5.01,4.52,5.06,5.53,6.29,5.82
ENSG00000258721,0.0,0.0,0.0,0.0,0.1,0.0,0.0,0.0,0.0,0.0,0.0,0.0,0.0,0.0,0.0,0.0,0.0,0.63,0.0,0.0,0.0,0.0,7.45,0.0,0.0,0.0,0.0,0.0,0.0,0.0,0.0,0.0,0.0,0.0,0.0,0.0,0.0,0.0,0.0,0.0,0.0,0.0,0.0,0.0,0.0,0.0,0.0,0.0,0.0,0.0,0.0,0.0
ENSG00000011422,4.5,4.59,7.28,6.5,6.97,3.27,3.67,1.12,2.49,5.98,2.03,2.85,2.59,1.79,6.77,3.33,0.92,2.57,5.57,4.3,5.62,5.76,4.5,6.06,4.65,4.9,6.77,4.64,2.33,4.83,7.35,5.61,1.98,2.35,1.88,6.95,0.65,1.02,6.54,3.59,6.42,5.18,4.11,6.18,4.43,1.28,1.74,1.85,2.97,2.82,1.33,2.2
ENSG00000250722,0.0,2.54,0.63,3.31,3.54,4.73,4.2,5.21,3.28,0.0,5.21,4.86,4.42,4.6,0.78,0.84,6.25,5.48,1.59,1.14,1.8,1.9,5.51,2.67,1.36,4.75,1.46,0.06,0.72,1.55,1.78,1.08,3.92,6.71,5.8,1.02,8.86,6.76,0.0,6.46,0.0,0.38,7.26,1.32,6.6,6.72,5.9,3.6,6.76,6.96,6.95,4.17
ENSG00000064787,0.0,0.1,0.11,0.23,0.04,3.75,6.61,8.24,4.28,0.2,3.16,6.92,6.28,6.12,0.06,0.43,7.9,3.71,0.11,0.0,0.39,1.9,5.34,0.19,0.03,0.61,0.24,0.31,6.3,0.07,0.15,0.37,4.38,3.67,7.09,0.15,3.81,0.43,0.04,6.29,0.0,0.0,4.38,0.52,2.07,3.21,1.58,4.16,5.67,4.41,8.03,5.11
ENSG00000262080,0.0,0.18,0.38,0.41,0.2,0.37,0.94,0.44,0.49,0.19,0.76,0.44,0.85,0.58,0.44,1.26,0.58,2.31,0.25,1.03,1.04,0.46,6.46,0.12,0.45,0.04,0.83,0.23,0.24,0.16,0.0,0.0,0.2,1.61,0.18,0.69,0.37,0.5,0.18,0.54,0.5,0.87,0.49,0.53,0.0,0.03,0.26,0.0,0.43,0.07,0.94,0.77
ENSG00000143933,7.81,7.4,7.08,7.9,7.43,10.52,6.51,8.82,8.23,7.99,8.53,7.16,6.4,6.5,8.44,9.23,7.8,8.05,7.64,8.38,7.88,8.26,7.33,8.12,8.68,8.63,8.18,9.02,6.53,7.79,7.98,7.19,8.06,8.73,8.54,8.52,8.81,7.77,7.95,7.52,5.79,6.87,7.16,7.28,8.13,6.51,7.54,7.58,7.21,8.23,9.1,7.88
ENSG00000140990,8.09,8.23,8.9,8.61,8.98,7.15,9.7,6.95,7.8,7.19,8.23,9.38,9.47,9.41,6.43,7.3,8.07,8.54,7.75,8.17,7.81,7.09,7.07,6.81,6.71,7.42,7.77,6.97,9.45,7.99,7.9,8.09,8.55,7.56,6.63,7.58,7.55,8.44,7.94,9.0,9.08,8.96,8.34,8.38,8.62,8.24,8.64,9.11,9.05,8.67,7.0,8.9
ENSG00000116299,0.97,0.77,0.55,0.7,0.41,6.28,6.51,6.84,6.43,0.69,7.98,5.61,5.85,6.82,0.63,0.3,6.73,6.16,0.44,0.27,1.12,1.26,5.94,0.53,0.53,3.51,0.56,0.32,5.43,0.27,0.82,0.44,8.1,7.04,4.99,0.9,6.86,7.06,2.73,5.95,0.71,0.5,7.65,0.41,5.55,5.39,4.51,6.36,5.06,6.01,5.94,5.46
ENSG00000100219,5.8,4.43,4.56,4.63,4.47,9.32,7.99,9.33,9.26,5.36,8.94,8.12,6.96,8.52,5.24,6.73,9.71,8.22,7.84,6.13,5.34,6.75,7.08,6.15,5.13,7.52,5.15,5.24,8.05,5.88,6.13,4.57,9.9,9.13,9.8,5.49,9.4,10.01,7.44,8.62,4.66,4.78,9.21,4.7,7.93,9.39,8.94,9.43,7.38,10.18,9.67,9.85
ENSG00000008952,5.22,4.75,3.5,3.48,3.5,6.53,3.25,6.47,5.72,5.3,6.32,4.15,2.98,2.71,5.19,5.91,7.24,5.77,5.26,5.97,6.21,5.58,5.68,4.96,6.89,5.33,5.15,5.57,4.46,5.17,4.68,3.85,5.92,6.05,6.54,5.41,6.34,6.17,4.41,5.59,2.28,4.39,5.16,4.1,5.65,6.33,6.07,3.67,4.02,5.02,7.31,5.87
ENSG00000157227,7.14,7.47,8.06,7.9,7.93,0.0,0.75,0.06,0.24,7.05,0.04,0.07,0.42,0.43,4.5,6.68,0.68,0.65,0.92,5.84,4.91,1.67,3.69,0.18,5.58,5.87,6.36,1.77,1.62,6.45,8.65,7.85,0.8,0.03,0.15,5.72,0.16,0.69,7.39,0.37,10.35,4.35,1.49,6.39,1.52,2.54,0.59,0.32,1.44,0.61,0.23,0.36
ENSG00000176269,0.08,0.0,0.0,0.0,0.0,0.0,0.0,0.0,0.0,0.07,0.0,0.0,0.0,0.0,0.0,0.11,0.0,0.0,0.0,0.0,0.03,0.0,6.45,0.0,0.0,0.0,0.0,0.0,0.0,0.03,0.0,0.0,0.0,0.1,0.0,0.03,0.0,0.0,0.0,0.0,0.0,0.0,0.0,0.0,0.0,0.0,0.0,0.0,0.0,0.0,0.0,0.0
ENSG00000266971,0.0,0.0,0.0,0.0,0.0,0.0,0.0,0.0,0.0,0.0,0.0,0.0,0.0,0.0,0.0,0.0,0.0,0.0,0.0,0.0,0.0,0.0,8.09,0.0,0.1,0.0,0.0,0.0,0.0,0.0,0.0,0.0,0.0,0.0,0.0,0.0,0.0,0.0,0.0,0.0,0.0,0.0,0.0,0.0,0.0,0.0,0.0,0.0,0.0,0.0,0.0,0.0
ENSG00000176695,0.0,0.0,0.0,0.0,0.0,0.0,0.0,0.0,0.0,0.0,0.0,0.0,0.0,0.0,0.0,0.24,0.0,0.0,0.0,0.0,0.0,0.0,8.15,0.0,0.0,0.0,0.0,0.0,0.0,0.0,0.0,0.0,0.0,0.0,0.03,0.0,0.0,0.0,0.0,0.0,0.0,0.0,0.0,0.0,0.0,0.0,0.0,0.0,0.0,0.0,0.0,0.0
ENSG00000182974,0.0,0.0,0.0,0.0,0.0,0.0,0.0,0.0,0.0,0.0,0.0,0.0,0.0,0.0,0.0,0.0,0.0,0.31,0.0,0.0,0.0,0.0,7.71,0.0,0.0,0.0,0.1,0.0,0.0,0.0,0.0,0.0,0.0,0.0,0.0,0.0,0.0,0.0,0.0,0.0,0.0,0.0,0.0,0.0,0.0,0.0,0.0,0.0,0.0,0.0,0.0,0.0
ENSG00000230397,0.0,0.0,0.0,0.0,0.0,0.0,0.0,0.0,0.0,0.0,0.0,0.0,0.0,0.0,0.0,1.03,0.0,0.0,0.0,0.0,0.0,0.0,6.66,0.0,0.0,0.0,0.0,0.0,0.0,0.0,0.0,0.0,0.0,0.0,0.0,0.0,0.0,0.0,0.0,0.0,0.0,0.0,0.0,0.0,0.0,0.0,0.0,0.0,0.0,0.0,0.0,0.0
ENSG00000122545,5.37,4.8,3.67,5.56,5.16,6.65,3.93,6.33,5.71,6.31,5.99,3.36,2.89,2.61,5.28,6.66,5.4,5.85,5.18,5.81,5.91,6.3,5.21,5.26,6.58,6.45,5.47,6.32,4.11,5.62,5.03,3.87,5.26,5.73,6.67,6.54,5.99,5.12,5.89,5.29,3.26,4.62,4.2,4.95,5.39,5.05,5.89,3.79,3.58,5.57,5.72,5.97
ENSG00000029363,5.25,4.95,3.43,4.47,4.51,6.05,3.24,6.51,5.69,6.33,5.49,3.86,3.95,2.9,6.02,6.58,6.28,5.43,5.8,6.31,6.1,6.17,6.06,5.51,6.9,5.38,5.24,7.11,3.85,5.92,4.64,2.77,6.27,6.23,6.26,5.73,6.32,5.63,5.23,5.1,2.74,5.19,4.1,4.66,5.51,5.57,4.51,3.33,2.78,4.47,6.12,5.72
ENSG00000183336,5.43,4.79,7.3,7.08,7.07,1.99,6.94,3.4,5.32,6.03,4.89,6.75,6.95,6.16,5.37,4.19,5.81,5.76,4.65,5.82,6.71,5.52,6.44,5.68,3.64,5.98,5.41,4.05,6.96,5.05,5.95,5.79,5.81,4.66,4.38,5.57,4.18,5.59,5.15,6.84,6.52,6.06,6.23,5.97,6.16,6.11,6.66,6.82,6.83,6.18,3.71,5.81
ENSG00000136939,0.0,0.0,0.0,0.0,0.0,0.0,0.0,0.0,0.0,0.0,0.0,0.0,0.0,0.0,0.0,0.24,0.0,0.0,0.0,0.0,0.26,0.0,6.08,0.0,0.0,0.0,0.0,0.0,0.0,0.0,0.0,0.0,0.0,0.11,0.0,0.0,0.0,0.0,0.0,0.0,0.19,0.0,0.0,0.0,0.0,0.0,0.0,0.0,0.0,0.0,0.12,0.0
ENSG00000173890,0.04,0.16,0.57,0.7,0.4,3.85,3.82,5.78,3.89,0.59,4.5,4.55,2.55,3.08,1.32,0.29,6.41,4.28,1.96,0.64,2.05,2.35,4.28,2.89,0.61,3.71,1.32,2.23,4.34,0.36,0.59,1.21,4.88,4.74,7.01,0.99,5.52,6.26,0.86,4.9,0.12,0.48,3.28,1.01,4.57,4.23,4.63,4.35,4.99,4.71,5.85,3.7
ENSG00000230582,0.0,0.0,0.0,0.0,0.0,0.0,0.0,0.0,0.07,0.0,0.0,0.0,0.0,0.0,0.0,0.53,0.04,0.0,0.0,0.0,0.0,0.01,6.33,0.0,0.0,0.0,0.0,0.0,0.0,0.0,0.0,0.0,0.24,0.04,0.0,0.0,0.0,0.0,0.0,0.0,0.0,0.0,0.0,0.0,0.0,0.0,0.0,0.0,0.0,0.0,0.06,0.0
ENSG00000146112,4.7,4.94,5.04,4.91,5.16,3.67,3.95,3.35,3.11,5.84,4.8,3.94,1.63,2.9,5.5,5.34,2.35,3.3,4.28,5.58,4.6,4.81,4.13,5.48,5.2,5.03,6.22,5.25,3.72,5.31,6.17,6.0,3.74,4.16,2.35,6.41,2.9,3.53,6.14,4.37,7.55,4.67,3.65,5.51,4.11,2.67,3.7,2.59,4.18,3.51,1.77,1.91
ENSG00000113387,6.37,5.6,4.3,5.61,4.88,6.75,4.05,7.74,7.16,7.47,7.03,4.98,4.52,3.75,6.64,7.55,7.08,6.62,6.61,7.3,6.63,6.94,5.65,7.54,6.88,8.71,6.33,8.21,4.09,6.16,5.68,4.83,6.65,7.63,7.11,7.17,7.69,5.92,6.02,5.77,3.11,4.22,4.73,6.12,6.39,6.1,6.74,3.46,4.17,6.1,7.08,5.73
ENSG00000105971,7.6,7.18,6.69,6.43,6.54,4.11,0.99,0.53,1.62,6.73,0.12,1.18,0.58,0.06,7.23,7.16,0.25,3.25,3.75,7.44,7.25,6.1,4.54,6.64,7.19,6.88,6.24,6.51,3.68,7.49,7.8,6.68,1.21,0.57,1.68,5.95,1.06,0.29,3.93,0.43,6.18,7.77,3.48,6.81,4.56,0.0,0.08,0.45,2.93,0.76,0.86,0.5
ENSG00000176261,5.54,4.41,2.31,3.42,3.14,5.73,2.56,5.61,4.67,5.56,5.39,2.84,2.12,1.84,4.96,5.77,4.8,5.11,6.22,5.11,5.37,5.34,5.37,5.71,6.15,6.6,5.05,5.36,2.75,4.96,4.8,2.84,5.59,5.36,5.34,4.98,4.98,5.22,4.47,5.11,3.31,4.86,4.05,4.38,5.41,4.97,4.85,1.88,3.32,4.11,5.85,4.29
ENSG00000141959,6.41,6.52,7.88,7.59,7.56,4.36,8.12,5.89,7.02,6.45,6.32,7.29,7.99,7.78,7.29,5.24,6.54,7.33,6.45,5.71,6.49,5.87,7.09,6.44,5.44,6.48,6.37,5.76,8.28,6.36,6.29,6.65,7.44,6.67,5.85,5.85,6.23,7.98,8.21,7.29,7.92,7.71,7.64,6.7,6.76,7.14,7.07,7.93,8.11,6.98,5.77,7.12
ENSG00000162105,1.58,0.03,3.01,2.96,3.63,4.28,4.39,4.99,4.5,0.01,3.55,4.34,3.93,5.85,4.06,0.54,6.18,2.84,3.25,2.34,3.74,3.26,5.93,2.74,0.48,4.02,0.15,1.24,5.05,0.14,1.0,0.0,4.6,6.58,5.36,1.16,4.91,5.4,0.95,4.12,0.36,1.66,4.91,1.82,3.35,5.36,3.76,4.8,6.34,4.83,5.68,4.42
ENSG00000236334,0.0,0.0,0.0,0.0,0.14,0.0,0.0,0.0,0.0,0.0,0.0,0.0,0.0,0.0,0.19,0.0,0.0,0.0,0.0,0.2,0.0,0.0,6.86,0.0,0.0,0.0,0.15,0.15,0.0,0.0,0.0,0.0,0.0,0.0,0.0,0.0,0.0,0.0,0.0,0.0,0.0,0.23,0.0,0.0,0.0,0.0,0.0,0.0,0.0,0.25,0.0,0.0
ENSG00000182783,0.0,0.0,0.0,0.0,0.0,0.0,0.0,0.0,0.0,0.0,0.0,0.0,0.0,0.0,0.0,0.11,0.0,0.0,0.0,0.0,0.0,0.0,6.06,0.0,0.0,0.0,0.0,0.0,0.0,0.0,0.0,0.0,0.0,0.0,0.03,0.0,0.0,0.0,0.0,0.0,0.0,0.0,0.0,0.0,0.0,0.0,0.0,0.0,0.0,0.0,0.0,0.0
ENSG00000185630,2.94,3.12,1.42,3.57,3.35,7.89,7.48,7.24,7.52,4.67,6.96,7.91,8.03,7.31,4.07,3.85,6.15,5.63,3.11,3.35,5.11,3.9,6.15,3.89,3.32,4.63,3.37,3.85,5.15,1.23,3.24,0.77,6.3,6.56,5.94,0.12,5.3,7.4,5.17,6.25,4.77,2.67,5.03,3.12,3.82,6.35,5.01,6.12,6.61,6.49,7.23,8.29
ENSG00000240785,0.0,0.0,0.0,0.0,0.0,0.0,0.0,0.0,0.0,0.0,0.0,0.0,0.0,0.0,0.0,0.0,0.0,0.0,0.0,0.0,0.0,0.0,6.52,0.0,0.36,0.0,0.0,0.0,0.0,0.0,0.0,0.0,0.0,0.0,0.0,0.0,0.0,0.0,0.0,0.0,0.0,0.0,0.0,0.0,0.0,0.0,0.0,0.0,0.0,0.0,0.0,0.0
ENSG00000115524,5.9,6.46,5.53,5.8,5.92,7.89,4.78,7.11,6.25,5.83,6.29,5.11,5.04,4.4,6.04,6.71,6.33,6.29,5.6,7.03,7.12,5.91,6.3,6.55,6.9,6.18,5.39,6.75,5.16,5.97,5.49,5.5,6.65,6.69,6.63,6.03,6.5,6.05,5.19,5.2,4.49,5.07,4.97,5.05,5.71,5.58,5.26,5.26,5.04,5.49,6.59,5.86
ENSG00000160325,1.74,3.03,3.86,4.67,4.22,3.79,6.24,5.1,5.45,3.06,4.21,6.84,5.64,6.7,2.73,2.2,6.24,5.43,3.0,2.17,3.44,3.71,5.09,2.86,1.69,3.13,1.78,1.84,5.23,0.86,2.63,2.11,4.48,5.71,5.34,1.52,4.85,5.23,4.29,4.82,3.53,3.33,5.31,2.68,4.16,4.42,5.25,5.33,5.99,5.65,4.33,4.73
ENSG00000047315,5.49,5.01,3.55,4.75,4.57,6.62,3.72,6.17,5.58,5.77,6.03,4.28,3.32,2.95,6.47,6.35,5.97,4.96,5.6,5.69,5.37,5.57,5.87,6.1,6.31,5.58,4.87,5.76,3.57,5.45,4.9,2.75,5.58,6.15,5.61,6.14,6.04,5.06,4.36,5.3,4.26,3.39,4.15,4.37,5.11,5.07,4.99,2.32,2.04,4.92,5.79,5.8
ENSG00000183853,4.61,3.79,5.35,5.42,5.68,3.61,1.96,0.07,0.66,6.21,0.01,1.51,2.55,1.49,5.79,5.7,0.1,0.31,4.79,3.95,5.55,3.53,2.49,5.18,6.35,3.04,5.46,3.59,0.9,4.73,5.31,5.01,0.0,0.0,1.63,4.36,0.2,0.11,5.1,0.0,7.33,4.98,1.09,5.06,1.49,2.52,3.49,1.71,0.0,0.57,0.12,2.21
ENSG00000143520,0.01,0.08,0.01,0.01,0.0,0.11,0.01,0.03,0.01,0.03,0.01,0.0,0.01,0.01,0.07,0.06,0.04,0.06,0.0,0.0,0.03,0.01,6.14,0.03,0.1,0.0,0.08,0.0,0.01,0.03,0.0,0.0,0.03,0.06,0.12,0.04,0.0,0.0,0.0,0.0,0.01,0.04,0.0,0.0,0.0,0.03,0.0,0.0,0.0,0.03,0.03,0.04
ENSG00000155026,0.0,0.0,0.14,0.54,0.61,0.0,0.52,0.33,0.56,0.19,0.56,0.32,0.36,0.42,0.56,0.9,0.65,0.9,0.2,0.82,0.1,0.12,7.5,0.06,0.86,0.08,0.03,0.58,0.06,0.0,0.3,0.36,0.49,0.96,0.92,0.0,0.39,0.23,0.16,0.0,0.71,0.76,0.0,0.0,0.56,0.15,0.1,0.45,0.0,0.39,0.6,0.58
ENSG00000085831,0.43,0.76,4.13,4.27,4.0,5.18,7.87,5.67,7.35,0.03,5.35,6.61,6.21,8.64,1.08,0.58,7.19,8.86,3.5,2.07,2.52,3.4,4.96,3.6,0.46,5.56,0.43,0.78,6.15,0.29,2.8,1.02,6.19,5.31,4.92,0.89,7.17,6.86,2.23,6.15,1.69,1.4,5.29,2.27,5.2,5.3,6.42,8.16,5.79,8.22,5.91,6.26
ENSG00000143578,2.68,3.69,4.24,4.1,3.88,7.34,7.56,7.62,7.31,2.11,7.08,7.0,6.13,7.98,3.64,3.71,7.04,5.02,4.16,2.27,2.99,5.04,7.06,3.38,2.49,5.35,2.26,2.06,5.51,3.16,2.68,2.39,6.07,5.23,6.25,2.65,6.18,8.04,5.56,7.45,4.06,3.16,7.48,4.17,6.48,7.47,5.81,7.43,7.11,7.73,7.36,7.66
ENSG00000147065,7.06,6.36,8.35,7.65,7.51,3.11,1.37,0.12,0.5,8.2,0.0,0.33,4.33,0.34,8.87,7.54,0.15,3.9,6.51,7.69,7.08,7.6,2.45,6.63,8.15,7.59,8.29,8.04,2.0,7.27,8.13,8.09,0.0,3.5,0.7,8.12,0.1,0.67,8.77,0.04,7.46,7.33,2.25,8.11,0.03,0.24,1.55,0.36,0.91,2.8,0.34,4.53
ENSG00000115363,5.81,4.63,2.19,4.0,4.31,0.31,1.5,0.42,0.0,5.12,0.56,1.33,1.74,1.12,5.92,2.27,1.07,0.0,0.26,3.21,4.76,1.08,2.84,5.59,3.65,4.79,6.69,3.68,0.06,5.05,5.44,4.99,0.18,0.0,0.14,5.78,1.77,0.16,5.7,0.0,3.63,4.32,0.4,2.44,0.86,0.0,0.0,0.86,1.35,0.46,0.0,0.0
ENSG00000025796,2.78,3.49,2.63,3.62,3.2,6.08,2.76,5.45,4.01,4.61,5.05,3.25,2.9,2.48,4.15,6.16,4.95,3.35,4.92,4.52,4.33,3.86,5.3,5.29,5.61,4.48,3.79,5.13,2.74,3.97,3.4,1.79,5.18,5.01,5.66,3.86,6.53,4.31,3.55,3.79,3.02,3.13,4.17,3.38,4.16,3.45,3.9,3.23,2.79,3.97,5.2,3.75
ENSG00000262860,4.3,4.27,5.55,5.42,5.22,1.08,5.39,2.47,4.31,3.97,3.9,6.53,5.7,5.8,4.1,0.81,3.3,5.22,4.73,3.71,4.76,4.08,3.55,4.41,1.18,4.29,4.96,3.43,6.2,4.59,4.48,5.28,3.63,3.63,2.84,4.1,2.56,5.73,5.53,5.21,6.25,4.47,4.88,6.47,4.56,5.02,5.02,5.69,5.22,5.08,2.81,4.42
ENSG00000177233,0.0,0.0,0.0,0.0,0.0,0.0,0.0,0.0,0.0,0.0,0.0,0.0,0.0,0.0,0.0,0.12,0.0,0.0,0.0,0.51,0.0,0.0,6.13,0.0,0.0,0.0,0.0,0.0,0.0,0.0,0.0,0.0,0.0,0.0,0.0,0.0,0.0,0.0,0.0,0.0,0.0,0.0,0.0,0.0,0.0,0.0,0.0,0.0,0.0,0.0,0.0,0.0
ENSG00000127241,0.01,0.01,0.0,0.0,0.2,0.0,0.0,0.0,0.0,0.0,0.01,0.0,0.0,0.0,0.0,0.27,0.0,0.0,0.06,0.16,0.01,0.24,7.18,0.03,0.01,0.0,0.71,0.0,0.0,0.01,0.0,0.0,0.0,0.0,0.01,0.0,0.01,0.0,0.0,0.0,0.0,0.03,0.0,0.33,0.03,0.0,0.0,0.0,0.0,0.0,0.0,0.01
ENSG00000239306,6.08,4.66,7.88,7.7,7.58,4.49,6.97,4.45,5.7,6.05,5.51,6.77,7.37,7.43,6.08,5.37,5.38,6.2,5.12,5.95,6.75,5.24,5.4,5.59,5.15,4.95,6.8,6.11,7.5,5.41,5.99,6.72,5.62,5.33,4.89,5.32,4.7,6.88,6.42,6.02,6.54,6.86,5.45,6.98,6.12,6.41,7.51,7.14,7.23,5.89,4.24,6.01
ENSG00000263620,0.0,1.88,4.64,3.67,4.24,0.0,4.53,0.0,1.43,0.0,0.0,4.86,5.8,6.08,1.96,0.0,0.0,0.7,0.0,2.06,2.46,0.0,2.74,0.0,0.0,0.0,4.68,0.99,3.52,0.63,4.79,4.69,0.0,0.0,1.67,2.9,0.0,3.46,5.43,2.05,5.67,4.34,4.6,4.23,3.16,2.75,4.76,6.17,4.23,4.41,0.0,1.06
ENSG00000125995,8.89,8.72,9.05,8.9,8.74,6.16,9.12,6.71,8.6,8.73,8.03,9.7,9.93,9.08,8.39,6.92,8.85,8.3,8.53,8.52,8.43,7.01,7.44,9.18,7.65,7.48,8.43,7.53,9.13,8.63,8.41,8.91,7.87,7.94,7.89,8.05,6.91,8.26,8.92,8.63,9.61,9.0,8.61,9.75,8.45,9.35,9.73,9.35,9.05,8.61,6.87,8.42
ENSG00000138768,4.15,4.38,1.8,3.17,3.01,5.11,2.68,6.44,4.79,4.12,5.44,3.19,2.63,2.31,3.62,5.05,5.08,3.66,4.98,4.06,3.2,3.7,3.89,4.98,5.05,4.39,3.44,4.65,2.49,4.89,4.1,2.19,4.18,4.62,6.0,3.78,5.97,4.32,3.25,3.53,2.95,3.79,4.27,3.42,4.46,4.27,3.96,2.19,2.17,4.98,5.35,4.53
ENSG00000163513,5.67,5.13,5.63,5.59,5.6,1.47,2.26,2.04,0.19,3.09,0.11,0.9,1.12,1.3,4.27,4.54,0.07,0.53,0.24,3.88,3.2,5.36,2.26,3.11,4.12,3.25,4.65,4.39,0.74,5.68,6.14,4.71,1.77,0.3,1.77,4.93,1.63,0.12,1.42,1.38,2.87,3.58,2.05,4.47,3.18,0.24,0.43,0.0,2.02,0.2,0.19,0.0
ENSG00000026025,3.42,1.75,8.61,7.93,8.16,1.09,0.9,2.65,2.25,10.56,1.38,0.24,1.56,0.16,10.62,10.64,1.55,0.0,7.31,3.52,5.58,7.51,3.93,8.65,10.54,7.11,12.21,3.63,4.72,9.17,10.76,10.15,1.14,6.61,0.71,10.5,0.43,1.44,10.42,0.88,13.42,7.5,1.77,8.72,1.35,2.95,1.22,5.09,0.89,1.34,0.16,0.11
ENSG00000124664,0.06,0.07,6.74,4.47,5.08,5.08,8.3,7.13,7.95,0.16,7.86,8.26,8.04,8.67,0.3,0.34,7.98,6.81,0.06,0.12,2.08,4.71,7.85,2.3,0.0,0.71,0.59,0.19,8.15,0.18,0.38,0.42,7.38,6.77,6.75,2.55,6.9,8.95,0.24,8.06,0.5,0.86,8.31,2.42,8.41,7.44,7.33,8.91,8.64,8.83,7.88,8.69
ENSG00000129514,2.49,1.95,5.83,5.02,5.29,6.67,6.9,7.42,7.53,1.26,7.4,7.56,7.2,7.65,2.24,0.1,7.29,6.36,0.69,3.0,4.0,5.54,6.84,4.51,0.42,5.12,0.99,2.8,7.92,1.5,2.86,1.72,7.41,7.39,7.18,2.7,6.66,8.41,2.35,6.45,0.58,2.3,7.72,4.18,6.46,7.59,7.96,8.18,7.73,7.16,7.4,7.5
ENSG00000153443,4.4,5.07,5.48,4.73,5.13,2.0,5.88,2.72,4.23,4.25,4.22,6.19,6.15,6.45,3.47,2.61,4.1,4.62,5.2,2.93,4.05,3.61,3.98,4.1,2.75,4.49,5.06,4.0,6.23,4.63,4.16,4.29,4.17,4.1,3.66,4.07,4.65,4.98,5.37,5.38,5.96,6.15,5.88,5.27,4.65,5.18,5.87,5.6,5.31,5.11,3.48,4.2
ENSG00000229859,0.0,0.0,0.21,0.0,0.0,0.99,0.0,0.0,0.0,0.0,0.0,0.0,0.08,0.21,0.0,1.01,0.0,0.11,0.0,0.0,0.0,0.0,8.38,0.0,0.0,0.0,0.42,0.0,0.23,0.0,0.32,0.0,0.0,0.0,0.03,0.0,0.0,0.0,0.0,0.0,0.0,0.1,0.0,0.0,0.0,0.0,0.0,0.0,0.0,0.0,0.07,0.0
ENSG00000107372,5.05,5.86,3.02,3.44,3.18,6.48,3.32,5.84,5.81,5.58,5.89,3.7,3.35,3.74,5.14,6.22,4.88,5.03,6.83,5.95,5.6,7.19,5.57,5.92,5.91,6.47,5.08,6.55,3.41,5.45,5.87,3.15,5.05,5.16,6.2,5.64,6.16,4.68,4.59,5.51,3.02,5.23,4.44,4.23,5.38,4.57,4.29,3.42,3.75,5.14,5.78,5.48
ENSG00000196143,0.0,0.0,0.0,0.0,0.0,0.0,0.0,0.0,0.0,0.0,0.0,0.0,0.0,0.0,0.14,0.0,0.0,0.0,0.0,0.0,0.25,0.21,6.75,0.0,0.0,0.0,0.0,0.0,0.0,0.0,0.0,0.0,0.0,0.0,0.0,0.0,0.0,0.0,0.0,0.0,0.0,0.0,0.0,0.0,0.0,0.0,0.0,0.0,0.0,0.0,0.0,0.0
ENSG00000167601,5.83,3.65,7.5,7.11,7.13,1.54,0.57,0.06,0.49,6.87,0.1,0.77,0.37,0.27,6.62,6.27,0.04,0.27,0.45,2.24,6.33,1.39,2.38,4.06,7.55,0.51,8.91,5.76,2.22,5.33,3.8,4.81,0.08,2.69,0.27,8.33,0.58,0.19,0.48,0.0,7.79,4.95,0.0,5.52,0.18,0.23,0.97,0.11,0.0,0.26,0.15,0.23
ENSG00000170790,0.0,0.0,0.1,0.0,0.0,0.0,0.0,0.0,0.0,0.0,0.0,0.0,0.0,0.0,0.0,0.0,0.0,0.51,0.0,0.24,0.0,0.0,6.7,0.0,0.12,0.0,0.0,0.0,0.0,0.0,0.0,0.0,0.0,0.0,0.0,0.0,0.0,0.0,0.0,0.0,0.0,0.0,0.0,0.0,0.0,0.0,0.0,0.0,0.0,0.0,0.0,0.0
ENSG00000115468,0.32,0.07,3.38,2.49,2.61,7.04,7.2,7.48,7.85,1.2,8.3,6.47,7.46,8.15,5.26,2.77,7.71,7.2,5.26,0.77,2.56,2.65,6.89,5.83,0.46,3.44,0.31,3.29,1.93,0.11,0.41,0.0,6.14,5.86,6.21,2.54,5.86,6.21,5.57,7.5,0.96,1.65,7.28,0.8,7.52,7.82,6.92,7.29,8.03,7.78,6.44,5.73
ENSG00000148396,5.17,4.55,5.38,5.14,5.33,5.45,5.87,6.52,6.22,4.7,6.41,6.83,6.18,6.66,5.28,4.78,7.3,6.21,5.23,4.55,4.88,5.13,5.59,4.96,5.01,4.51,4.39,5.24,6.08,4.66,4.2,5.15,5.85,6.0,6.35,5.06,5.67,7.05,4.95,5.17,5.26,4.86,6.33,5.35,5.21,5.79,5.47,6.15,7.11,6.27,6.4,6.33
ENSG00000138071,6.21,5.52,4.7,5.65,5.42,7.1,4.89,6.66,6.31,6.49,6.42,5.13,5.0,4.49,6.46,6.35,6.36,5.86,6.15,6.26,5.81,6.02,5.86,6.37,7.17,6.35,6.07,6.46,5.25,6.16,5.79,5.34,6.52,5.94,6.8,6.66,6.59,6.01,5.64,5.57,5.51,5.23,4.79,5.61,5.68,5.45,5.47,4.6,4.16,5.89,6.01,6.03
ENSG00000129083,5.5,5.04,3.42,4.41,3.95,6.53,4.4,6.54,5.6,5.64,5.69,4.45,4.11,3.74,4.46,5.85,6.68,4.76,5.83,6.66,4.68,5.32,5.56,6.29,5.77,5.43,5.69,7.35,4.33,5.84,5.45,4.31,5.67,6.11,6.68,6.09,5.73,4.53,4.65,4.91,5.04,4.15,4.54,4.38,5.23,5.43,4.96,4.12,3.93,5.58,6.51,5.53
ENSG00000130731,6.68,6.6,8.12,6.95,7.36,3.28,8.2,5.09,6.9,6.48,6.31,7.41,8.36,7.67,5.99,4.32,6.01,6.64,7.41,7.28,6.75,6.06,5.42,6.03,5.0,6.92,6.98,6.16,8.05,6.17,6.51,6.72,6.68,6.07,5.27,5.86,5.25,7.11,7.99,7.3,6.28,8.12,6.28,7.11,7.18,6.99,7.37,7.96,7.53,7.52,5.41,7.19
ENSG00000167861,2.82,2.8,3.79,3.82,4.19,5.77,7.95,6.49,7.34,0.26,6.54,6.78,6.74,8.07,2.37,0.69,7.4,6.5,2.31,2.9,4.28,4.75,7.12,4.09,0.86,3.77,0.91,2.21,7.52,1.1,3.37,0.7,6.5,6.47,6.59,3.3,7.92,9.58,2.74,7.69,1.45,3.24,7.56,3.13,6.9,7.02,6.47,8.07,7.01,7.95,6.72,8.02
ENSG00000114737,2.26,2.04,2.38,2.61,2.21,4.75,5.63,4.06,5.95,0.45,4.9,5.7,4.12,5.46,1.74,0.81,6.09,4.54,2.72,1.64,1.06,3.11,4.57,1.83,0.9,2.18,1.37,0.58,3.93,1.46,1.83,2.59,2.99,2.6,1.88,1.17,4.62,5.95,1.55,5.62,0.46,2.42,2.91,2.17,1.6,4.15,4.53,5.81,4.63,6.3,5.71,5.76
ENSG00000261240,0.0,0.0,0.0,0.0,0.0,0.0,0.0,0.32,0.0,0.0,0.29,0.0,0.0,0.0,0.0,0.97,0.3,0.0,0.0,0.0,0.0,0.0,6.62,0.0,0.27,0.0,0.94,0.91,0.0,0.0,0.0,0.0,0.27,0.53,0.18,0.0,0.43,0.77,0.0,0.0,0.5,0.77,0.0,0.0,0.0,0.0,0.0,0.0,0.0,0.88,0.32,0.34
ENSG00000015479,6.55,6.71,5.64,5.97,5.77,7.89,5.44,7.76,6.96,7.14,7.38,4.99,5.35,5.1,6.92,7.56,6.53,6.35,6.62,7.0,6.63,6.87,6.43,6.75,7.49,6.43,6.74,7.69,5.85,7.04,6.31,6.31,7.05,7.1,7.45,7.58,7.3,6.68,6.07,5.97,6.03,5.54,5.82,6.01,6.85,6.61,6.44,6.57,5.38,6.08,7.0,6.72
ENSG00000117906,4.32,3.65,2.97,3.49,2.82,5.93,2.39,5.58,4.35,5.16,4.6,2.82,3.26,2.44,4.41,5.39,4.42,3.75,5.67,4.42,3.84,4.87,3.84,6.17,5.13,4.82,3.28,6.38,3.1,4.84,3.71,2.24,5.3,4.88,5.96,5.54,6.27,2.99,4.19,4.23,2.9,3.83,3.07,3.28,4.54,4.31,4.48,3.17,3.37,4.89,5.24,3.72
ENSG00000239961,0.0,0.0,0.0,0.0,0.0,0.0,0.04,0.0,0.0,0.0,0.0,0.0,0.0,0.0,0.0,0.06,0.33,0.0,0.0,0.42,0.0,0.0,6.68,0.0,0.0,0.0,0.0,0.0,0.0,0.0,0.0,0.0,0.0,0.0,0.0,0.0,0.0,0.0,0.0,0.0,0.0,0.0,0.0,0.0,0.06,0.0,0.0,0.0,0.0,0.0,0.0,0.0
ENSG00000160179,2.0,1.39,0.39,0.41,0.03,3.1,3.78,2.97,4.21,0.08,4.55,2.69,1.11,3.16,0.36,0.36,5.2,4.33,0.71,0.65,1.06,0.41,4.7,0.91,0.12,0.07,0.42,0.07,5.31,2.84,0.61,1.01,4.11,4.97,6.55,0.27,5.38,5.81,1.65,3.08,0.24,1.3,5.72,3.63,1.46,2.55,1.99,4.82,3.92,5.02,5.07,4.54
ENSG00000259435,0.0,0.0,0.0,0.0,0.0,0.0,0.0,0.0,0.12,0.0,0.0,0.0,0.0,0.0,0.0,0.0,0.0,0.76,0.0,0.0,0.0,0.0,7.47,0.0,0.0,0.0,0.12,0.0,0.0,0.0,0.0,0.0,0.0,0.0,0.0,0.0,0.0,0.0,0.0,0.0,0.0,0.0,0.0,0.0,0.0,0.0,0.0,0.0,0.0,0.0,0.0,0.0
ENSG00000234298,0.0,0.0,0.11,0.0,0.04,0.0,0.03,0.03,0.01,0.0,0.14,0.0,0.0,0.01,0.07,0.07,0.0,0.06,0.0,0.0,0.04,0.15,7.25,0.01,0.0,0.0,0.04,0.0,0.04,0.0,0.0,0.0,0.0,0.0,0.03,0.0,0.01,0.0,0.03,0.0,0.0,1.17,0.0,0.0,0.0,0.03,0.03,0.0,0.0,0.0,0.01,0.04
ENSG00000132746,2.51,3.08,3.14,3.93,3.55,4.09,6.85,8.83,6.02,0.31,7.06,7.4,5.89,6.93,1.62,1.93,6.92,4.4,5.32,0.04,2.87,3.8,6.96,3.17,1.66,1.19,0.93,1.32,6.15,2.24,2.0,2.88,7.11,8.46,6.95,0.36,7.97,7.45,2.98,6.69,1.54,6.38,8.46,2.41,7.13,6.2,5.1,7.26,7.72,7.87,7.14,6.5
ENSG00000164751,4.02,4.52,2.48,2.96,1.66,4.94,3.35,5.15,5.17,5.01,5.24,1.84,1.87,2.67,5.07,5.09,4.82,4.77,4.83,4.36,4.02,4.75,4.47,4.26,5.63,5.37,4.63,5.13,2.52,4.12,4.46,2.94,4.82,5.16,6.24,4.52,5.7,5.46,3.0,5.5,1.44,3.84,4.2,2.6,3.85,4.6,3.73,2.57,1.32,3.75,5.18,4.88
ENSG00000036257,4.63,3.27,3.98,4.74,4.46,6.29,3.08,5.84,5.41,4.66,5.72,3.83,3.46,3.08,4.82,6.06,5.41,4.99,5.05,5.04,4.18,4.94,4.69,5.35,6.06,4.78,4.29,5.15,3.92,4.55,4.04,2.8,5.24,5.81,5.66,4.93,5.83,4.76,4.0,4.17,2.59,3.55,3.52,4.0,4.95,3.93,4.62,2.97,2.82,4.8,5.59,4.5
ENSG00000172239,5.34,4.93,3.88,4.67,4.26,6.39,3.36,7.03,5.72,6.08,6.08,4.21,4.47,3.73,5.61,5.92,5.6,5.5,6.43,6.08,6.05,6.63,5.38,6.12,5.58,5.83,5.21,6.44,3.82,5.35,5.29,3.48,5.94,5.41,6.28,5.92,6.5,5.29,5.19,5.14,2.77,3.51,4.35,4.07,5.85,6.11,5.93,3.49,4.34,5.26,6.28,4.89
ENSG00000104938,0.0,0.0,0.0,0.0,0.0,0.0,0.0,0.0,0.0,0.0,0.0,0.0,0.0,0.0,0.04,0.14,0.03,0.04,0.0,0.0,0.24,0.0,6.24,0.0,0.0,0.0,0.1,0.0,0.0,0.0,0.0,0.0,0.1,0.03,0.0,0.0,0.0,0.0,0.0,0.0,0.0,0.04,0.0,0.0,0.16,0.03,0.0,0.0,0.0,0.0,0.03,0.0
ENSG00000109062,4.59,5.41,6.94,7.25,7.25,7.1,8.15,7.78,9.81,5.04,9.11,7.98,8.4,9.49,5.27,3.78,8.75,10.2,6.62,5.98,6.35,7.36,7.29,6.04,4.44,7.3,4.1,7.26,9.43,4.72,5.96,5.77,9.12,8.09,7.58,5.91,10.27,9.41,7.65,8.16,5.15,4.88,7.46,7.64,7.69,8.24,9.13,9.64,8.97,9.84,7.25,9.8
ENSG00000168350,0.0,0.42,0.12,0.6,0.61,2.28,2.52,4.83,6.33,0.0,6.11,5.64,3.42,7.18,0.44,0.74,1.61,7.29,1.06,0.16,1.09,0.26,4.04,3.29,0.29,0.96,0.12,0.12,5.78,0.56,0.56,0.15,4.92,5.99,6.34,0.18,4.39,6.29,2.68,3.18,2.16,0.87,5.75,0.0,1.29,5.68,6.41,6.74,4.43,8.34,5.59,6.71
ENSG00000077232,4.48,3.52,2.56,3.66,3.31,5.61,2.52,5.32,4.3,4.29,4.85,3.32,2.52,1.94,5.23,4.97,4.98,3.83,4.43,5.74,3.7,4.45,5.27,5.2,5.11,4.32,3.66,5.34,2.52,4.63,4.25,2.66,4.36,4.57,5.71,4.74,6.59,4.65,3.35,4.5,3.31,2.9,5.8,2.92,3.93,3.72,3.81,2.07,2.85,4.56,5.99,4.34
ENSG00000177469,7.27,6.65,5.6,5.84,6.03,0.39,1.77,0.0,0.2,8.06,1.61,1.31,1.12,0.98,6.04,6.28,1.68,0.45,3.31,6.3,7.23,3.44,2.38,4.23,7.83,3.89,8.7,6.7,3.14,6.51,6.94,7.33,0.43,0.69,0.12,7.7,0.1,0.23,6.38,1.66,6.73,7.3,3.06,7.69,3.26,3.9,3.61,0.71,1.41,0.31,1.24,0.03
ENSG00000257115,0.0,0.0,0.0,0.0,0.0,0.0,0.0,0.0,0.0,0.0,0.0,0.0,0.0,0.0,0.0,0.1,0.0,0.0,0.0,0.0,0.0,0.0,6.06,0.0,0.0,0.0,0.0,0.0,0.0,0.0,0.0,0.0,0.0,0.0,0.0,0.0,0.0,0.0,0.0,0.0,0.0,0.0,0.0,0.0,0.0,0.0,0.0,0.0,0.0,0.0,0.0,0.0
ENSG00000243073,0.0,0.0,0.0,0.0,0.0,0.0,0.0,0.0,0.0,0.0,0.0,0.0,0.06,0.0,0.0,0.06,0.06,0.06,0.0,0.0,0.0,0.0,6.11,0.0,0.0,0.0,0.0,0.0,0.0,0.0,0.0,0.0,0.0,0.0,0.0,0.0,0.0,0.0,0.0,0.0,0.0,0.0,0.0,0.0,0.0,0.0,0.0,0.0,0.0,0.0,0.0,0.0
ENSG00000134954,4.6,1.89,4.71,4.57,4.71,0.0,1.61,0.0,0.01,6.11,0.0,0.0,0.0,0.0,6.78,5.94,0.0,0.0,5.45,6.03,6.21,3.65,4.63,5.68,4.04,3.75,5.13,4.24,0.85,5.05,6.16,4.59,0.0,0.0,0.04,6.32,0.0,0.32,5.68,0.7,5.5,5.21,3.09,4.68,0.55,0.32,0.26,0.0,0.0,0.03,0.42,0.0
ENSG00000183549,0.0,0.0,0.0,0.03,0.0,0.0,0.0,0.0,0.03,0.0,0.0,0.0,0.03,0.0,0.0,0.6,0.0,0.32,0.0,0.0,0.0,0.24,6.06,0.0,0.0,0.0,0.45,0.0,0.0,0.0,0.0,0.43,0.0,0.03,0.01,0.0,0.0,0.0,0.0,0.0,0.0,0.0,0.0,0.0,0.0,0.0,0.0,0.0,0.0,0.0,0.0,0.0
ENSG00000257109,0.0,0.0,0.03,0.0,0.0,0.0,0.0,0.0,0.0,0.0,0.2,0.0,0.0,0.0,0.27,0.0,0.0,0.0,0.0,0.0,0.0,0.0,6.4,0.0,0.0,0.0,0.0,0.0,0.0,0.0,0.0,0.0,0.0,0.0,0.07,0.0,0.0,0.0,0.0,0.0,0.0,0.0,0.0,0.0,0.0,0.0,0.0,0.0,0.0,0.0,0.0,0.0
ENSG00000141232,5.8,5.96,5.37,5.37,5.5,6.95,7.07,7.84,7.7,3.65,6.7,10.32,6.81,9.46,4.87,4.3,7.94,8.58,6.66,4.64,5.43,5.59,8.06,4.84,4.19,5.17,2.6,5.08,7.57,4.63,5.12,4.52,7.97,6.26,7.05,3.99,8.3,7.84,4.95,6.2,4.36,4.65,4.98,5.74,6.12,7.81,7.4,6.86,7.88,7.33,7.89,7.41
ENSG00000105289,0.03,3.49,3.25,4.26,3.81,5.21,6.0,4.84,5.64,0.41,4.88,6.46,5.55,5.84,2.29,0.89,7.06,4.54,4.47,0.48,4.04,4.39,5.15,3.54,0.03,4.17,0.24,1.46,6.07,0.42,1.59,1.18,4.74,4.81,5.96,0.11,4.82,5.34,4.51,4.63,0.71,4.55,4.99,3.66,4.67,5.5,5.07,6.32,6.31,6.0,5.38,5.28
ENSG00000167183,0.0,4.82,2.27,2.23,2.48,5.98,4.63,5.57,5.38,0.0,4.94,5.8,4.88,5.14,5.37,0.14,8.4,5.01,1.88,0.24,2.11,3.51,5.35,2.97,0.34,5.17,0.06,1.36,4.91,1.04,1.69,1.38,5.38,4.33,6.4,0.3,6.79,6.07,3.49,3.83,0.2,0.88,5.88,2.74,7.09,4.6,5.19,5.53,5.58,6.78,5.29,6.06
ENSG00000198128,0.0,0.0,0.0,0.0,0.0,0.0,0.0,0.0,0.0,0.0,0.0,0.0,0.0,0.0,0.15,0.12,0.0,0.0,0.0,0.0,0.0,0.0,6.18,0.0,0.0,0.0,0.0,0.0,0.0,0.0,0.0,0.0,0.0,0.0,0.0,0.0,0.0,0.0,0.0,0.0,0.0,0.0,0.0,0.0,0.0,0.0,0.0,0.0,0.0,0.0,0.12,0.0
ENSG00000178952,7.83,7.78,8.74,9.12,9.11,6.36,9.18,6.77,7.26,7.9,7.69,8.58,8.98,8.62,7.98,7.61,7.41,7.62,7.28,7.97,7.84,7.31,8.09,8.05,7.52,7.69,7.72,6.68,8.95,8.04,7.72,8.22,7.57,7.39,6.33,7.95,7.21,8.32,8.39,8.57,8.44,7.83,7.74,8.29,7.98,8.42,8.67,8.02,8.49,8.63,6.64,8.41
ENSG00000159692,7.79,7.18,9.07,8.86,8.78,5.78,8.35,5.61,7.88,7.45,6.8,8.86,8.5,8.46,6.91,4.58,6.67,6.82,6.62,6.18,7.27,7.06,6.24,5.99,5.81,6.92,7.75,6.31,8.97,7.44,7.84,7.14,6.71,7.55,5.55,7.04,6.97,8.09,7.82,6.79,8.78,9.17,7.73,8.15,7.86,7.82,8.33,7.93,6.91,8.33,6.51,7.77
ENSG00000072858,0.07,0.31,1.41,1.21,1.82,1.4,2.97,4.02,3.78,0.0,3.86,2.5,2.27,3.02,0.23,0.21,4.15,4.33,0.0,0.26,0.49,2.93,6.18,0.0,0.03,1.65,0.45,0.24,3.89,0.27,0.1,0.0,3.82,4.26,4.11,0.24,3.72,4.01,0.29,1.35,0.0,0.03,2.39,0.64,3.24,3.95,2.68,2.41,3.97,1.8,4.0,1.0
ENSG00000151117,1.08,1.48,0.23,0.43,0.2,3.32,2.48,4.04,2.44,0.57,2.24,2.44,3.38,3.46,0.16,0.31,5.3,2.2,1.59,0.36,1.46,1.05,4.54,1.12,0.24,0.58,0.12,0.99,2.67,0.2,0.39,0.0,1.43,3.18,3.71,0.12,5.09,4.16,2.4,1.1,0.63,0.11,5.93,0.36,5.2,2.78,2.33,4.62,5.12,5.48,6.28,2.51
ENSG00000224993,0.0,0.0,0.0,0.0,0.0,0.0,0.0,0.0,0.0,0.0,0.0,0.0,0.0,0.0,0.64,0.0,0.0,0.0,0.0,0.0,0.36,0.0,6.03,0.0,0.0,0.0,0.27,0.0,0.0,0.0,0.0,0.0,0.0,0.27,0.16,0.0,0.0,0.0,0.0,0.0,0.0,0.42,0.0,0.0,0.0,0.0,0.0,0.0,0.0,0.0,0.0,0.0
ENSG00000143412,0.63,2.67,1.16,1.81,1.66,4.09,3.42,1.63,5.94,0.21,5.4,5.15,2.97,2.67,0.31,0.61,4.11,4.81,1.33,0.79,0.93,2.55,3.99,0.36,0.4,2.42,0.19,1.81,5.82,0.29,0.86,0.16,6.22,4.71,5.46,0.34,4.45,4.49,0.07,2.68,0.58,1.1,2.63,2.2,2.81,5.29,5.43,4.66,4.15,4.65,4.51,1.86
ENSG00000229571,0.0,0.0,0.0,0.0,0.0,0.0,0.0,0.0,0.0,0.0,0.0,0.0,0.0,0.0,0.0,0.07,0.0,0.0,0.0,0.0,0.0,0.0,8.04,0.0,0.0,0.0,0.0,0.0,0.0,0.0,0.0,0.0,0.0,0.0,0.0,0.0,0.0,0.0,0.0,0.0,0.0,0.0,0.0,0.0,0.0,0.0,0.0,0.0,0.0,0.0,0.0,0.0
ENSG00000061676,5.36,5.27,3.79,4.94,4.5,6.76,3.79,6.27,5.28,5.17,5.46,4.34,4.03,3.62,6.11,6.54,5.77,5.18,6.21,6.87,5.29,6.17,5.48,5.68,6.17,6.19,4.56,6.76,4.09,5.67,5.26,3.41,5.43,5.65,6.4,5.27,6.71,5.68,4.81,4.48,4.83,4.42,4.68,4.74,5.33,4.24,4.36,2.14,2.93,5.22,6.12,5.01
ENSG00000116721,0.0,0.0,0.0,0.0,0.0,0.0,0.0,0.0,0.07,0.0,0.0,0.0,0.0,0.0,0.0,0.24,0.0,0.0,0.0,0.0,0.0,0.0,6.11,0.0,0.0,0.0,0.0,0.04,0.0,0.0,0.0,0.0,0.0,0.0,0.0,0.0,0.0,0.0,0.0,0.0,0.0,0.0,0.0,0.0,0.0,0.14,0.0,0.0,0.0,0.0,0.0,0.0
ENSG00000100380,6.97,7.24,5.63,5.84,5.71,7.97,4.92,7.27,6.73,7.16,7.87,4.63,4.63,4.42,7.6,8.23,8.17,6.75,8.03,7.49,7.15,6.97,7.48,7.36,7.14,7.46,6.99,7.45,5.35,7.35,7.1,5.65,6.94,7.61,7.68,7.23,7.89,7.9,6.19,7.2,4.9,6.49,5.88,5.59,7.29,7.01,6.82,5.76,5.42,6.49,8.15,7.07
ENSG00000176731,5.55,5.0,1.37,2.46,1.94,6.59,1.92,5.91,6.16,5.89,5.93,2.45,3.15,1.82,6.27,5.4,6.66,6.25,6.21,4.99,5.18,4.57,4.76,5.5,6.74,5.91,5.52,7.39,2.67,5.48,4.72,3.91,5.34,4.88,6.57,5.36,6.17,4.03,4.05,4.46,2.04,5.28,4.12,5.16,5.13,4.95,5.35,2.69,1.96,4.24,6.56,5.95
ENSG00000174720,3.89,3.43,2.09,3.29,2.87,5.48,2.14,4.96,4.69,3.92,5.12,3.11,2.43,1.85,3.62,6.12,3.39,4.38,4.12,4.16,4.03,4.03,3.98,4.54,4.57,3.82,3.49,4.83,2.49,4.08,3.5,2.73,4.3,3.93,4.81,3.95,5.27,3.49,3.85,3.62,1.13,3.11,2.57,3.47,3.15,3.77,3.56,2.58,1.9,4.15,4.69,4.21
ENSG00000171936,0.0,0.0,0.0,0.0,0.0,0.0,0.0,0.0,0.0,0.0,0.0,0.0,0.0,0.0,0.14,0.0,0.0,0.0,0.0,0.0,0.0,0.0,6.44,0.0,0.0,0.0,0.0,0.0,0.0,0.0,0.0,0.0,0.0,0.0,0.0,0.0,0.0,0.0,0.0,0.0,0.0,0.0,0.0,0.0,0.0,0.0,0.0,0.0,0.0,0.0,0.0,0.0
ENSG00000125952,5.66,5.51,6.84,6.69,6.7,4.8,6.44,5.56,6.19,5.02,5.39,7.0,6.99,7.19,5.5,4.89,4.25,5.61,5.46,5.13,5.43,5.2,5.18,5.33,5.76,5.27,5.26,4.92,6.93,5.63,5.52,6.86,5.13,5.65,5.18,5.26,4.47,6.33,6.37,6.23,7.5,5.79,6.52,6.49,5.43,5.96,6.43,6.72,6.59,5.43,5.29,5.68
ENSG00000166363,0.0,0.0,0.0,0.0,0.16,0.0,0.0,0.0,0.0,0.0,0.0,0.0,0.0,0.0,0.0,0.0,0.0,0.42,0.0,0.12,0.0,0.0,6.61,0.0,0.12,0.0,0.1,0.0,0.0,0.0,0.0,0.0,0.0,0.0,0.0,0.0,0.0,0.0,0.0,0.0,0.0,0.0,0.0,0.0,0.0,0.0,0.0,0.0,0.0,0.0,0.11,0.0
ENSG00000175592,6.69,3.22,8.63,8.38,8.32,0.0,2.19,0.33,0.81,7.36,0.3,1.65,0.07,1.29,7.23,7.18,2.25,0.49,5.92,8.13,7.49,5.93,3.59,4.66,7.04,2.94,8.39,7.09,2.82,6.77,8.05,6.36,0.56,0.64,0.73,8.64,0.39,0.23,4.42,1.34,9.2,6.49,3.79,6.2,1.04,0.86,1.13,0.0,2.14,1.68,0.58,2.27
ENSG00000159289,0.11,0.0,0.0,0.0,0.03,0.0,0.04,0.1,0.37,0.03,0.06,0.65,0.08,0.86,0.04,0.2,0.14,0.07,0.37,0.04,0.26,0.0,6.25,0.03,0.18,0.07,0.0,0.0,0.0,0.0,0.32,0.0,0.08,0.31,0.03,0.0,0.12,0.0,0.0,0.0,1.1,0.0,0.0,0.32,0.19,0.06,0.15,0.0,0.0,0.0,0.07,0.0
ENSG00000259689,0.0,0.0,0.0,0.0,0.0,0.0,0.0,0.0,0.0,0.0,0.0,0.0,0.0,0.0,0.0,0.0,0.0,0.0,0.0,0.54,0.0,0.0,6.11,0.0,0.0,0.0,0.0,0.0,0.0,0.0,0.0,0.0,0.0,0.0,0.0,0.0,0.0,0.0,0.0,0.0,0.0,0.0,0.0,0.0,0.0,0.0,0.0,0.0,0.0,0.0,0.0,0.0
ENSG00000075618,8.85,6.6,9.52,9.02,9.19,0.25,3.01,1.39,2.37,6.48,0.55,1.31,2.67,1.64,7.53,6.4,0.41,2.11,3.79,9.49,7.0,5.1,3.78,5.37,6.14,6.39,8.12,4.62,4.39,8.16,8.71,9.58,3.82,1.29,0.39,5.48,1.35,0.7,6.48,2.04,3.32,7.98,4.63,8.79,3.01,2.68,3.09,2.12,5.4,1.64,0.14,4.6
ENSG00000198125,0.0,0.97,2.89,2.36,2.76,3.7,7.08,6.31,4.68,0.62,4.92,6.9,6.59,6.9,3.28,1.4,5.74,3.96,3.22,2.15,4.13,5.21,5.66,6.12,0.42,4.55,0.38,2.18,5.26,0.23,0.39,0.3,5.19,4.23,6.96,0.36,6.05,5.57,4.93,7.0,0.16,3.33,5.88,4.89,3.55,4.94,4.46,6.74,6.8,7.1,5.98,6.07
ENSG00000100445,6.32,5.65,6.8,6.69,6.61,4.9,6.64,4.9,5.21,5.21,4.67,6.51,6.61,6.73,4.18,4.06,4.79,5.35,5.24,3.89,5.7,5.63,5.17,5.96,3.62,5.19,5.57,3.98,6.17,5.32,5.85,5.09,5.52,5.05,4.94,5.59,4.79,6.21,6.44,6.78,6.22,5.95,6.27,5.94,6.36,5.87,6.36,6.76,7.1,6.39,4.33,5.91
ENSG00000125611,6.46,5.64,6.71,6.71,6.74,3.65,6.71,4.39,5.62,4.76,5.49,7.05,6.58,6.72,5.08,3.29,5.36,5.26,5.19,5.28,5.86,5.41,5.58,6.24,5.32,4.77,5.58,5.02,6.92,5.49,6.08,6.06,6.12,5.64,4.6,4.54,4.41,6.12,6.24,6.12,5.68,6.23,5.68,5.9,5.2,5.78,5.91,7.25,6.62,6.49,4.31,5.74
ENSG00000105974,10.13,9.25,9.44,9.31,9.39,0.0,2.27,0.42,1.7,8.98,0.03,2.63,3.11,0.33,9.4,9.48,0.07,3.42,1.54,9.54,8.87,6.38,4.05,6.94,8.66,6.71,9.32,7.83,5.18,9.39,8.94,9.19,1.19,0.57,0.23,8.38,0.48,0.31,4.09,0.49,8.42,8.45,1.89,8.62,4.27,0.0,0.19,0.67,2.7,0.15,0.23,0.0
ENSG00000120137,3.21,3.06,1.39,2.23,2.11,5.22,1.86,5.6,3.52,3.42,6.08,2.24,2.49,1.6,2.91,3.51,2.96,3.19,3.41,2.69,3.35,3.05,4.65,3.12,4.35,3.64,3.26,4.61,2.03,3.72,2.47,1.84,4.43,4.87,5.14,3.4,4.76,3.64,2.26,2.58,1.58,2.41,2.69,2.15,3.25,3.24,3.15,1.42,1.3,3.14,4.46,2.78
ENSG00000204510,0.0,0.0,0.0,0.0,0.0,0.0,0.0,0.0,0.06,0.0,0.0,0.01,0.14,0.0,0.0,0.01,0.0,0.0,0.0,0.0,0.0,0.0,6.47,0.0,0.0,0.0,0.0,0.0,0.0,0.0,0.0,0.0,0.0,0.0,0.01,0.24,0.0,0.0,0.0,0.0,0.11,0.0,0.0,0.0,0.0,0.0,0.0,0.0,0.0,0.0,0.0,0.0
ENSG00000198408,4.47,4.84,2.58,3.64,3.52,6.51,2.14,5.97,5.67,5.44,5.48,3.7,3.64,3.78,4.64,5.19,5.12,5.49,4.57,4.43,4.08,4.53,5.68,4.08,5.19,4.93,4.19,5.16,3.32,4.6,4.43,3.27,5.38,5.8,5.04,4.7,5.5,4.92,3.44,3.23,3.42,3.99,4.55,3.99,3.93,4.89,4.22,2.78,2.17,3.73,6.18,4.51
ENSG00000017260,5.62,5.69,3.99,4.83,4.65,6.01,2.81,5.34,5.06,4.63,5.37,3.74,3.44,2.74,5.22,6.1,5.07,4.64,5.35,5.56,5.28,5.56,5.2,4.82,6.16,6.34,5.52,5.94,3.89,4.71,5.05,3.74,4.73,5.45,5.9,5.12,5.5,4.58,4.88,4.01,2.99,4.22,4.09,4.77,4.93,4.65,4.7,3.5,3.31,4.55,5.82,4.48
ENSG00000160180,0.0,0.11,1.31,0.57,1.06,6.47,4.23,8.75,10.01,0.0,4.02,6.2,6.05,10.56,0.42,0.36,10.39,8.6,0.36,0.0,0.12,0.71,6.11,0.46,0.0,0.0,0.3,0.67,6.94,0.12,1.76,0.0,6.05,4.91,10.72,3.46,9.72,3.4,0.0,3.26,0.0,0.0,3.93,0.0,0.3,6.36,8.35,12.81,8.66,9.94,8.21,8.83
ENSG00000215186,0.0,0.0,0.0,0.0,0.0,0.0,0.0,0.0,0.0,0.0,0.0,0.0,0.0,0.0,0.0,0.42,0.0,0.0,0.06,0.0,0.0,0.0,6.95,0.0,0.0,0.0,0.0,0.0,0.0,0.0,0.0,0.0,0.0,0.25,0.0,0.0,0.0,0.0,0.0,0.0,0.1,0.0,0.0,0.0,0.0,0.0,0.0,0.0,0.0,0.0,0.0,0.0
ENSG00000179412,0.0,0.0,0.0,0.0,0.0,0.0,0.0,0.0,0.0,0.0,0.0,0.0,0.0,0.0,0.0,0.37,0.0,0.0,0.0,0.0,0.0,0.0,6.18,0.0,0.0,0.0,0.0,0.0,0.0,0.0,0.0,0.0,0.0,0.11,0.07,0.0,0.0,0.0,0.0,0.0,0.0,0.0,0.0,0.0,0.0,0.0,0.0,0.0,0.0,0.0,0.0,0.0
ENSG00000267411,4.59,4.42,0.0,1.06,1.66,5.51,0.0,5.93,3.54,4.49,4.69,0.0,0.0,0.0,4.63,6.24,4.39,3.3,3.8,4.36,4.43,4.67,4.41,5.32,5.44,5.36,3.26,5.16,0.0,4.51,3.98,0.0,4.69,3.1,4.62,5.08,4.89,3.27,2.73,4.31,0.0,2.31,1.9,0.0,4.18,3.33,3.53,0.0,0.0,4.93,3.95,4.56
ENSG00000007520,6.1,5.44,6.89,6.09,6.66,3.71,5.92,3.91,5.7,5.36,5.55,6.31,7.08,6.89,5.28,4.96,5.48,6.0,5.72,6.4,6.19,4.55,5.13,4.89,5.0,5.71,6.67,5.89,7.45,5.89,6.08,6.41,5.44,5.26,4.69,5.34,5.17,5.93,5.95,5.9,6.43,6.47,6.56,6.24,5.65,5.95,6.69,7.05,6.27,6.49,4.76,5.61
ENSG00000115464,3.53,3.83,2.76,3.34,3.34,5.49,2.58,4.28,4.03,3.71,4.04,2.64,2.5,2.17,4.19,5.14,4.77,4.24,4.51,4.42,4.14,3.87,6.13,3.58,4.85,4.31,4.22,4.96,3.31,3.8,3.58,1.97,4.58,4.67,4.88,4.47,5.06,4.32,3.78,3.59,2.63,4.38,3.18,2.72,4.15,3.39,2.96,2.4,2.17,3.36,4.78,3.67
ENSG00000065361,2.41,3.72,5.52,5.69,5.85,6.91,7.73,6.47,7.57,0.19,6.9,7.65,7.16,8.09,4.12,0.8,7.19,6.81,6.18,4.45,4.82,4.6,8.55,4.04,0.5,5.69,1.08,4.15,7.32,3.01,3.18,2.86,6.83,7.22,6.41,2.08,6.08,7.45,5.12,6.12,0.36,3.43,6.31,4.87,5.66,7.01,6.43,7.26,6.5,6.14,7.35,6.57
ENSG00000234560,0.0,0.0,0.0,0.0,0.0,0.0,0.0,0.0,0.0,0.0,0.0,0.0,0.0,0.0,0.12,0.0,0.0,0.0,0.0,0.0,0.0,0.0,6.27,0.0,0.0,0.0,0.1,0.0,0.0,0.0,0.0,0.0,0.0,0.0,0.0,0.0,0.0,0.0,0.0,0.0,0.0,0.0,0.0,0.0,0.0,0.0,0.0,0.0,0.0,0.0,0.0,0.0
ENSG00000158417,4.99,3.98,3.06,4.43,4.11,5.63,3.79,5.32,4.63,4.66,5.53,4.01,3.8,3.55,5.36,6.15,4.88,4.69,4.33,5.73,5.39,5.01,5.04,4.85,5.8,4.56,5.07,6.0,3.89,4.89,4.76,4.34,5.41,5.15,4.92,4.88,5.02,4.51,3.77,4.36,3.16,3.98,3.99,4.65,4.46,4.49,4.02,3.74,4.33,3.9,5.11,4.78
ENSG00000256713,0.0,0.12,0.23,0.1,0.0,0.0,0.11,0.0,0.0,0.0,0.0,0.25,0.25,0.25,0.16,0.14,0.0,0.27,0.0,0.0,0.0,0.14,7.1,0.0,0.0,0.0,0.0,0.0,0.68,0.0,0.0,0.0,0.0,0.0,0.0,0.0,0.0,0.0,0.0,0.0,0.2,0.0,0.26,0.0,0.0,0.0,0.0,0.0,0.0,0.0,0.0,0.0
ENSG00000172381,0.0,0.0,0.0,0.0,0.0,0.0,0.0,0.0,0.0,0.0,0.0,0.0,0.0,0.0,0.0,0.21,0.0,0.0,0.0,0.0,0.0,0.0,6.17,0.0,0.0,0.0,0.0,0.0,0.0,0.0,0.0,0.0,0.0,0.0,0.0,0.0,0.0,0.0,0.0,0.0,0.0,0.0,0.0,0.0,0.0,0.0,0.0,0.0,0.0,0.0,0.0,0.0
ENSG00000236587,0.0,0.0,0.0,0.0,0.0,0.0,0.0,0.0,0.0,0.0,0.0,0.0,0.0,0.0,0.0,0.25,0.04,0.0,0.12,0.0,0.0,0.0,6.14,0.0,0.0,0.37,0.03,0.0,0.0,0.0,0.0,0.0,0.0,0.0,0.0,0.0,0.0,0.08,0.0,0.0,0.2,0.0,0.0,0.07,0.0,0.0,0.25,0.0,0.0,0.0,0.0,0.0
ENSG00000167967,4.71,4.1,5.48,5.1,5.17,2.7,5.59,3.74,4.84,4.11,4.37,5.72,6.3,6.14,3.88,3.24,4.99,5.45,4.68,4.4,4.6,3.59,4.01,3.98,3.23,4.06,5.44,4.26,5.92,4.37,4.72,4.24,4.39,4.7,3.56,4.71,4.9,5.98,4.65,5.36,5.94,5.28,5.09,5.0,4.89,4.88,5.01,5.35,5.38,4.81,3.7,4.86
ENSG00000223443,0.0,0.0,0.0,0.0,0.0,0.0,0.0,0.0,0.0,0.0,0.0,0.0,0.0,0.0,0.07,0.34,0.11,0.06,0.0,0.0,0.06,0.0,6.72,0.0,0.0,0.0,0.0,0.0,0.06,0.0,0.0,0.0,0.04,0.04,0.24,0.0,0.11,0.03,0.0,0.0,0.3,0.0,0.0,0.0,0.2,0.0,0.0,0.0,0.0,0.0,0.0,0.06
ENSG00000111011,4.21,4.69,4.29,5.03,4.65,6.22,2.99,6.2,5.92,5.16,5.06,4.03,3.38,3.55,5.37,5.82,5.75,5.26,5.27,5.91,5.42,5.36,6.07,5.05,5.84,4.91,4.8,5.67,4.36,5.09,4.69,4.26,5.75,5.77,5.84,5.01,6.3,5.72,4.54,4.01,3.27,4.74,4.3,4.58,5.17,4.98,4.76,4.06,4.18,4.36,5.32,5.3
ENSG00000203661,0.0,0.0,0.0,0.0,0.0,0.0,0.0,0.0,0.0,0.0,0.0,0.0,0.0,0.0,0.0,0.11,0.0,0.0,0.0,0.0,0.0,0.0,6.92,0.0,0.0,0.0,0.0,0.0,0.0,0.0,0.0,0.0,0.0,0.0,0.03,0.0,0.0,0.0,0.0,0.0,0.0,0.0,0.0,0.0,0.0,0.0,0.0,0.0,0.0,0.0,0.0,0.0
ENSG00000119013,6.01,4.83,2.98,3.94,3.94,6.45,2.73,5.58,5.26,5.65,5.92,2.92,3.33,3.09,5.69,6.18,5.71,5.88,5.29,5.49,5.6,5.7,4.76,6.67,6.26,6.22,4.85,6.22,3.8,5.54,5.16,3.27,6.11,5.45,6.3,5.55,6.22,5.7,3.88,5.02,2.04,4.63,3.92,4.93,6.1,5.64,5.17,2.53,2.75,5.19,6.15,5.31
ENSG00000266733,0.67,0.21,0.59,0.84,0.57,0.33,0.15,0.5,0.06,0.07,0.11,0.23,0.07,0.29,0.08,0.32,0.16,0.08,0.16,0.11,0.49,0.15,6.55,0.07,0.49,0.3,0.06,0.23,0.16,0.12,0.04,0.18,0.03,0.07,0.03,0.18,0.1,0.14,0.18,0.0,0.23,1.17,0.75,0.25,0.19,0.3,0.38,0.0,0.0,0.0,0.52,0.27
ENSG00000139278,3.44,3.11,3.52,3.81,4.04,0.0,0.06,0.2,0.12,6.9,0.12,0.0,1.7,0.04,2.44,4.23,0.14,0.21,1.73,4.19,3.56,3.36,3.41,4.26,6.5,2.78,6.41,3.13,0.33,4.56,5.1,4.39,0.15,0.25,1.71,4.89,0.24,0.25,3.01,0.06,1.26,2.19,0.41,3.27,0.53,0.65,3.08,0.0,0.7,0.08,0.93,0.0
ENSG00000259401,0.0,0.0,0.0,0.0,0.0,0.0,0.25,0.0,0.0,0.01,0.0,0.0,0.0,0.0,0.0,0.0,0.0,0.29,0.0,0.45,0.0,0.0,6.08,0.0,1.61,0.0,1.01,0.0,0.0,0.0,0.0,0.0,0.0,0.0,0.0,0.0,0.0,0.0,0.07,0.0,0.0,0.0,0.0,0.0,0.0,0.0,0.0,0.0,0.0,0.0,0.06,0.0
ENSG00000232423,0.0,0.0,0.0,0.0,0.0,0.0,0.0,0.0,0.06,0.0,0.0,0.0,0.0,0.0,0.0,0.0,0.07,0.0,0.0,0.0,0.0,0.0,8.04,0.0,0.0,0.0,0.06,0.0,0.0,0.0,0.0,0.0,0.0,0.0,0.0,0.0,0.0,0.0,0.0,0.0,0.0,0.0,0.0,0.0,0.0,0.0,0.0,0.0,0.0,0.0,0.0,0.0
ENSG00000077097,4.26,3.9,2.05,3.8,3.48,6.06,3.25,6.3,5.27,4.66,5.5,3.07,3.75,2.98,4.56,5.96,5.3,5.02,4.77,4.26,4.21,4.4,4.1,4.63,5.71,4.64,3.21,6.12,4.28,4.19,3.18,1.82,5.47,5.6,5.8,4.39,5.29,5.2,4.25,3.39,2.29,3.54,3.66,2.75,4.38,3.92,3.63,2.81,2.82,4.23,5.66,4.19
ENSG00000169876,0.0,0.0,0.0,0.0,0.0,0.0,0.0,0.0,0.0,0.0,0.0,0.0,0.0,0.0,0.0,0.43,0.0,0.01,0.0,0.0,0.01,0.0,6.25,0.0,0.0,0.0,0.0,0.0,0.0,0.0,0.0,0.0,0.0,0.0,0.01,0.0,0.0,0.0,0.0,0.0,0.0,0.0,0.0,0.0,0.0,0.0,0.0,0.0,0.0,0.0,0.01,0.0
ENSG00000214530,6.63,6.4,7.16,6.52,6.32,7.12,9.22,9.59,10.3,4.11,8.37,10.46,10.06,11.02,5.79,4.09,10.72,9.81,7.63,5.71,7.08,6.85,8.17,6.2,3.46,6.54,3.77,5.99,10.21,4.11,5.44,3.7,9.71,8.57,8.8,4.59,9.03,9.8,7.66,9.67,4.2,6.9,9.19,5.62,10.0,7.95,7.84,10.62,10.22,10.3,8.6,9.78
ENSG00000241978,5.3,3.59,3.35,3.57,3.98,2.97,4.04,1.52,0.62,5.24,0.0,1.18,2.0,0.57,3.86,3.06,0.19,0.15,4.27,4.91,4.95,2.88,3.78,4.09,5.29,2.08,5.1,5.11,1.18,4.67,5.18,5.81,0.38,0.43,1.66,6.08,0.43,0.12,5.19,2.52,3.95,4.82,2.17,5.6,0.86,1.19,1.01,1.37,2.53,0.7,0.76,0.68
Group,Normal-like,Normal-like,Basal,Basal,Basal,Luminal,Luminal,Luminal,Luminal,Claudin-low,Luminal,Luminal,Luminal,Luminal,Basal,Claudin-low,Luminal,Luminal,Basal,Basal,Basal,Basal,Luminal,Basal,Claudin-low,Basal,Claudin-low,Basal,Luminal,Normal-like,Normal-like,Normal-like,Luminal,Luminal,Luminal,Claudin-low,Luminal,Luminal,Basal,Luminal,Claudin-low,Basal,Luminal,Basal,Luminal,Luminal,Luminal,Luminal,Luminal,Luminal,Luminal,Luminal
